TpsAltruisticFromLsfGain + IndividualEstimated_INR + -10,TpsAltruisticFromLsfGain + IndividualEstimated_INR + -12.5,TpsAltruisticFromLsfGain + IndividualEstimated_INR + -15,TpsAltruisticFromLsfGain + CumulativeIndividualEstimated_INR + -10,TpsAltruisticFromLsfGain + CumulativeIndividualEstimated_INR + -12.5,TpsAltruisticFromLsfGain + CumulativeIndividualEstimated_INR + -15,TpsRandomic + IndividualEstimated_INR + -10,TpsRandomic + IndividualEstimated_INR + -12.5,TpsRandomic + IndividualEstimated_INR + -15,TpsRandomic + CumulativeIndividualEstimated_INR + -10,TpsRandomic + CumulativeIndividualEstimated_INR + -12.5,TpsRandomic + CumulativeIndividualEstimated_INR + -15
-inf,-inf,-inf,-inf,-inf,-inf,-inf,-inf,-inf,-inf,-inf,-inf
-inf,-inf,-inf,-inf,-inf,-inf,-inf,-inf,-inf,-inf,-inf,-inf
-20.77177122863543,-inf,-inf,-inf,-inf,-inf,-inf,-inf,-inf,-inf,-inf,-inf
-inf,-inf,-inf,-inf,-inf,-inf,-inf,-inf,-inf,-inf,-inf,-inf
-inf,-inf,-inf,-inf,-inf,-inf,-inf,-inf,-inf,-inf,-inf,-inf
-36.18030561558583,-36.18030561558583,-36.18030561558583,-36.18030561558583,-36.18030561558583,-36.18030561558583,-36.18030561558583,-12.664164984092563,-27.543016900713468,-12.664164984092563,-36.18030561558583,-27.543016900713468
-inf,-inf,-inf,-inf,-inf,-inf,-inf,-inf,-inf,-inf,-inf,-inf
-inf,-inf,-inf,-inf,-inf,-inf,-inf,-inf,-inf,-inf,-inf,-inf
-44.762325100931754,-44.762325100931754,-44.762325100931754,-44.762325100931754,-44.762325100931754,-44.762325100931754,-44.762325100931754,-25.68965430190441,-22.06758025141118,-25.68965430190441,-22.06758025141118,-49.820252969052554
-inf,-inf,-inf,-inf,-inf,-inf,-inf,-inf,-inf,-inf,-inf,-inf
-inf,-inf,-inf,-inf,-inf,-inf,-inf,-inf,-inf,-inf,-inf,-inf
-inf,-inf,-inf,-inf,-inf,-inf,-inf,-inf,-inf,-inf,-inf,-inf
-12.630639899518364,-inf,-inf,-inf,-inf,-inf,-12.630639899518364,-inf,-inf,-inf,-inf,-inf
-inf,-inf,-inf,-inf,-inf,-inf,-inf,-inf,-inf,-inf,-inf,-inf
-49.09674965423677,-49.09674965423677,-49.09674965423677,-49.09674965423677,-49.09674965423677,-49.09674965423677,-12.097811934433551,-17.422584395184636,-49.09674965423677,-32.42227808962812,-inf,-49.09674965423677
-inf,-inf,-inf,-inf,-inf,-inf,-inf,-inf,-inf,-inf,-inf,-inf
-inf,-inf,-inf,-inf,-inf,-inf,-inf,-inf,-inf,-inf,-inf,-inf
-32.530768703372125,-32.530768703372125,-32.530768703372125,-32.530768703372125,-32.530768703372125,-32.530768703372125,-18.267087876051885,-inf,-inf,-25.354621835740836,-32.530768703372125,-inf
-inf,-inf,-inf,-inf,-inf,-inf,-inf,-inf,-inf,-inf,-inf,-inf
-23.064213988707287,-23.064213988707287,-23.064213988707287,-23.064213988707287,-23.064213988707287,-23.064213988707287,-inf,-23.064213988707287,-23.064213988707287,-inf,-23.064213988707287,-inf
-20.505785870590113,-20.505785870590113,-20.505785870590113,-20.505785870590113,-20.505785870590113,-20.505785870590113,-24.413893577065636,-22.260035696277974,-inf,-16.192837575576593,-inf,-inf
-inf,-inf,-inf,-inf,-inf,-inf,-inf,-inf,-inf,-inf,-inf,-inf
-23.522163267690296,-23.522163267690296,-23.522163267690296,-23.522163267690296,-23.522163267690296,-23.522163267690296,-17.240260579265097,-inf,-inf,-inf,-23.522163267690296,-23.522163267690296
-inf,-inf,-inf,-inf,-inf,-inf,-inf,-inf,-inf,-inf,-inf,-inf
-27.35079928801415,-27.35079928801415,-27.35079928801415,-27.35079928801415,-27.35079928801415,-27.35079928801415,-25.29917558696244,-18.546905001221198,-inf,-inf,-inf,-inf
-25.25351288081465,-25.25351288081465,-25.25351288081465,-25.25351288081465,-25.25351288081465,-25.25351288081465,-inf,-13.072519668952093,-25.25351288081465,-25.25351288081465,-inf,-inf
-inf,-inf,-inf,-inf,-inf,-inf,-inf,-inf,-inf,-inf,-inf,-inf
-15.793787002296087,-15.793787002296087,-inf,-15.793787002296087,-inf,-inf,-12.884189620674269,-inf,-inf,-15.793787002296087,-inf,-inf
-inf,-inf,-inf,-inf,-inf,-inf,-inf,-inf,-inf,-inf,-inf,-inf
-31.561092814837632,-31.561092814837632,-31.561092814837632,-31.561092814837632,-31.561092814837632,-inf,-31.561092814837632,-31.561092814837632,-inf,-inf,-inf,-inf
-inf,-inf,-inf,-inf,-inf,-inf,-inf,-inf,-inf,-inf,-inf,-inf
-29.547267992487193,-29.547267992487193,-29.547267992487193,-29.547267992487193,-29.547267992487193,-29.547267992487193,-inf,-29.547267992487193,-inf,-inf,-29.547267992487193,-29.547267992487193
-35.902099159784655,-35.902099159784655,-35.902099159784655,-35.902099159784655,-22.801654605046117,-22.801654605046117,-16.60616965548068,-inf,-inf,-inf,-22.801654605046117,-inf
-30.94360095405368,-30.94360095405368,-30.94360095405368,-30.94360095405368,-30.94360095405368,-30.94360095405368,-31.343685334334662,-31.343685334334662,-inf,-inf,-inf,-30.94360095405368
-29.532677743800242,-29.532677743800242,-29.532677743800242,-29.532677743800242,-29.532677743800242,-29.532677743800242,-29.532677743800242,-inf,-29.532677743800242,-22.305627298470696,-22.305627298470696,-inf
-inf,-inf,-inf,-inf,-inf,-inf,-inf,-inf,-inf,-inf,-inf,-inf
-16.903048635132865,-16.903048635132865,-inf,-inf,-inf,-inf,-inf,-16.903048635132865,-inf,-inf,-inf,-inf
-8.296132887635043,-20.190236627913794,-20.190236627913794,-20.190236627913794,-20.190236627913794,-inf,-8.296132887635043,-20.190236627913794,-inf,-inf,-inf,-inf
-20.66908703780038,-20.66908703780038,-20.66908703780038,-20.66908703780038,-20.66908703780038,-inf,-inf,-20.66908703780038,-20.66908703780038,-20.66908703780038,-20.66908703780038,-inf
-inf,-inf,-inf,-inf,-inf,-inf,-inf,-inf,-inf,-inf,-inf,-inf
-inf,-inf,-inf,-inf,-inf,-inf,-inf,-inf,-inf,-inf,-inf,-inf
-inf,-inf,-inf,-inf,-inf,-inf,-inf,-inf,-inf,-inf,-inf,-inf
-inf,-inf,-inf,-inf,-inf,-inf,-inf,-inf,-inf,-inf,-inf,-inf
-24.721957859972598,-24.721957859972598,-24.721957859972598,-24.721957859972598,-24.721957859972598,-24.721957859972598,-24.721957859972598,-inf,-24.721957859972598,-23.141743843666887,-24.721957859972598,-23.141743843666887
-31.77743551003417,-31.77743551003417,-31.77743551003417,-31.77743551003417,-31.77743551003417,-31.77743551003417,-31.41311470979828,-31.77743551003417,-31.77743551003417,-inf,-inf,-inf
-20.954659598666478,-20.954659598666478,-23.997164237721616,-20.954659598666478,-23.997164237721616,-inf,-18.190900956152873,-23.997164237721616,-23.997164237721616,-inf,-inf,-inf
-9.118898508219061,-inf,-inf,-inf,-inf,-inf,-inf,-inf,-inf,-inf,-inf,-inf
-10.776281622433743,-31.626367520556794,-31.626367520556794,-31.626367520556794,-31.626367520556794,-31.626367520556794,-9.270010853851652,-31.626367520556794,-24.420043633202656,-inf,-inf,-inf
-inf,-inf,-inf,-inf,-inf,-inf,-inf,-inf,-inf,-inf,-inf,-inf
-inf,-inf,-inf,-inf,-inf,-inf,-inf,-inf,-inf,-inf,-inf,-inf
-25.805124748243678,-25.805124748243678,-25.805124748243678,-25.805124748243678,-25.805124748243678,-25.805124748243678,-13.821231407304937,-inf,-inf,-18.85444354426874,-inf,-inf
-38.24350548887246,-38.24350548887246,-38.24350548887246,-38.24350548887246,-38.24350548887246,-38.24350548887246,-27.39913502659888,-28.043637788962,-14.980627159593274,-14.980627159593274,-25.575132156973662,-28.437056520084955
-33.834081398331605,-33.834081398331605,-33.834081398331605,-33.834081398331605,-33.834081398331605,-33.834081398331605,-18.378387980921644,-24.51933363125861,-24.51933363125861,-inf,-inf,-24.51933363125861
-19.52128414111318,-19.52128414111318,-19.52128414111318,-19.52128414111318,-19.52128414111318,-19.52128414111318,-18.679452178498494,-20.516155911744164,-20.516155911744164,-16.84529280181031,-16.224180867333803,-23.444455798524167
-inf,-inf,-inf,-inf,-inf,-inf,-inf,-inf,-inf,-inf,-inf,-inf
-19.785656888295033,-19.785656888295033,-19.785656888295033,-19.785656888295033,-19.785656888295033,-inf,-19.785656888295033,-inf,-inf,-inf,-19.785656888295033,-inf
-24.791674880932927,-24.791674880932927,-24.791674880932927,-24.791674880932927,-24.791674880932927,-24.791674880932927,-inf,-inf,-19.90662683626614,-24.791674880932927,-24.791674880932927,-inf
-inf,-inf,-inf,-inf,-inf,-inf,-inf,-inf,-inf,-inf,-inf,-inf
-inf,-inf,-inf,-inf,-inf,-inf,-inf,-inf,-inf,-inf,-inf,-inf
-12.28491330116756,-inf,-inf,-inf,-inf,-inf,-inf,-inf,-inf,-inf,-inf,-inf
-28.9929787995533,-28.9929787995533,-28.9929787995533,-28.9929787995533,-28.9929787995533,-28.9929787995533,-32.82252813128947,-inf,-32.82252813128947,-inf,-28.9929787995533,-28.9929787995533
-13.560963707651245,-inf,-inf,-inf,-inf,-inf,-13.560963707651245,-inf,-inf,-inf,-inf,-inf
-30.562481603041153,-30.562481603041153,-30.562481603041153,-30.562481603041153,-30.562481603041153,-30.562481603041153,-21.160332503558905,-21.160332503558905,-24.44463308678685,-inf,-30.562481603041153,-inf
-22.738657052828486,-22.738657052828486,-22.738657052828486,-22.738657052828486,-22.738657052828486,-22.738657052828486,-11.479540100647958,-24.639123263105965,-20.459529185438427,-24.639123263105965,-24.639123263105965,-31.20663029547241
-31.280736726588096,-31.280736726588096,-31.280736726588096,-31.280736726588096,-31.280736726588096,-31.280736726588096,-22.390059237991405,-31.280736726588096,-inf,-inf,-22.390059237991405,-27.978173144442465
-inf,-inf,-inf,-inf,-inf,-inf,-inf,-inf,-inf,-inf,-inf,-inf
-22.847941608480117,-59.35237243564362,-59.35237243564362,-59.35237243564362,-59.35237243564362,-59.35237243564362,-24.712762662067632,-29.098723443796047,-31.029302892811575,-59.35237243564362,-29.098723443796047,-59.35237243564362
-13.28084063714237,-inf,-inf,-inf,-inf,-inf,-inf,-inf,-inf,-inf,-inf,-inf
-inf,-inf,-inf,-inf,-inf,-inf,-inf,-inf,-inf,-inf,-inf,-inf
-inf,-inf,-inf,-inf,-inf,-inf,-inf,-inf,-inf,-inf,-inf,-inf
-18.703924183237422,-18.703924183237422,-18.703924183237422,-18.703924183237422,-18.703924183237422,-27.390602409775905,-19.824608112599307,-inf,-inf,-19.635814105326087,-inf,-19.635814105326087
-inf,-inf,-inf,-inf,-inf,-inf,-inf,-inf,-inf,-inf,-inf,-inf
-inf,-inf,-inf,-inf,-inf,-inf,-inf,-inf,-inf,-inf,-inf,-inf
-inf,-inf,-inf,-inf,-inf,-inf,-inf,-inf,-inf,-inf,-inf,-inf
-inf,-inf,-inf,-inf,-inf,-inf,-inf,-inf,-inf,-inf,-inf,-inf
-21.51140436941885,-21.51140436941885,-21.51140436941885,-21.51140436941885,-21.51140436941885,-21.51140436941885,-25.74558286677278,-21.42539498096976,-17.352445781208417,-20.637603881480743,-29.90315225392418,-21.826104584883062
-29.753345472460428,-29.753345472460428,-29.753345472460428,-29.753345472460428,-29.753345472460428,-29.753345472460428,-15.874203908144906,-25.96017407398707,-inf,-29.753345472460428,-inf,-29.753345472460428
-inf,-inf,-inf,-inf,-inf,-inf,-inf,-inf,-inf,-inf,-inf,-inf
-20.351508115276932,-20.351508115276932,-20.351508115276932,-20.351508115276932,-20.351508115276932,-inf,-inf,-inf,-inf,-20.351508115276932,-20.351508115276932,-inf
-inf,-inf,-inf,-inf,-inf,-inf,-inf,-inf,-inf,-inf,-inf,-inf
-inf,-inf,-inf,-inf,-inf,-inf,-inf,-inf,-inf,-inf,-inf,-inf
-inf,-inf,-inf,-inf,-inf,-inf,-inf,-inf,-inf,-inf,-inf,-inf
-40.06774722022882,-40.06774722022882,-40.06774722022882,-40.06774722022882,-40.06774722022882,-40.06774722022882,-25.177731927878902,-17.71244309448925,-28.605105199436295,-17.71244309448925,-40.06774722022882,-28.605105199436295
-inf,-inf,-inf,-inf,-inf,-inf,-inf,-inf,-inf,-inf,-inf,-inf
-inf,-inf,-inf,-inf,-inf,-inf,-inf,-inf,-inf,-inf,-inf,-inf
-27.070674226928496,-27.070674226928496,-27.070674226928496,-27.070674226928496,-27.070674226928496,-27.070674226928496,-27.070674226928496,-27.070674226928496,-inf,-21.345557273771153,-inf,-inf
-inf,-inf,-inf,-inf,-inf,-inf,-inf,-inf,-inf,-inf,-inf,-inf
-inf,-inf,-inf,-inf,-inf,-inf,-inf,-inf,-inf,-inf,-inf,-inf
-inf,-inf,-inf,-inf,-inf,-inf,-inf,-inf,-inf,-inf,-inf,-inf
-inf,-inf,-inf,-inf,-inf,-inf,-inf,-inf,-inf,-inf,-inf,-inf
-41.43309453727122,-41.43309453727122,-41.43309453727122,-41.43309453727122,-41.43309453727122,-41.43309453727122,-41.43309453727122,-29.70018509941253,-29.70018509941253,-27.22740737891317,-27.22740737891317,-27.22740737891317
-inf,-inf,-inf,-inf,-inf,-inf,-inf,-inf,-inf,-inf,-inf,-inf
-23.48109580856933,-23.48109580856933,-23.48109580856933,-23.48109580856933,-23.48109580856933,-inf,-23.48109580856933,-inf,-inf,-inf,-inf,-23.48109580856933
-9.729089961248594,-21.597429805509964,-21.597429805509964,-21.597429805509964,-21.597429805509964,-inf,-inf,-inf,-inf,-21.597429805509964,-inf,-inf
-inf,-inf,-inf,-inf,-inf,-inf,-inf,-inf,-inf,-inf,-inf,-inf
-inf,-inf,-inf,-inf,-inf,-inf,-inf,-inf,-inf,-inf,-inf,-inf
-29.532587885258774,-29.532587885258774,-29.532587885258774,-29.532587885258774,-29.532587885258774,-29.532587885258774,-29.532587885258774,-inf,-17.61457954031526,-inf,-inf,-inf
-inf,-inf,-inf,-inf,-inf,-inf,-inf,-inf,-inf,-inf,-inf,-inf
-inf,-inf,-inf,-inf,-inf,-inf,-inf,-inf,-inf,-inf,-inf,-inf
-inf,-inf,-inf,-inf,-inf,-inf,-inf,-inf,-inf,-inf,-inf,-inf
-36.6069244884414,-36.6069244884414,-36.6069244884414,-36.6069244884414,-36.6069244884414,-36.6069244884414,-17.890443340457438,-28.50100031939091,-28.50100031939091,-22.57250295803408,-22.57250295803408,-inf
-inf,-inf,-inf,-inf,-inf,-inf,-inf,-inf,-inf,-inf,-inf,-inf
-22.474970663044424,-22.474970663044424,-22.474970663044424,-22.474970663044424,-22.474970663044424,-36.10453590880626,-10.522791834412699,-15.968439058707563,-26.559580233286578,-inf,-inf,-inf
-inf,-inf,-inf,-inf,-inf,-inf,-inf,-inf,-inf,-inf,-inf,-inf
-inf,-inf,-inf,-inf,-inf,-inf,-inf,-inf,-inf,-inf,-inf,-inf
-44.77485607666481,-44.77485607666481,-44.77485607666481,-44.77485607666481,-44.77485607666481,-44.77485607666481,-24.398974067949887,-29.582207448433692,-29.42421367979835,-28.021706622865,-28.923111528980236,-31.396059887472738
-inf,-inf,-inf,-inf,-inf,-inf,-inf,-inf,-inf,-inf,-inf,-inf
-inf,-inf,-inf,-inf,-inf,-inf,-inf,-inf,-inf,-inf,-inf,-inf
-19.607779465018265,-19.607779465018265,-19.607779465018265,-19.607779465018265,-inf,-inf,-19.607779465018265,-inf,-19.607779465018265,-inf,-inf,-inf
-19.464301495300354,-19.464301495300354,-19.464301495300354,-19.464301495300354,-29.33601943545302,-29.33601943545302,-10.393202399922997,-15.711021125111063,-21.43539324353643,-21.43539324353643,-29.33601943545302,-29.33601943545302
-inf,-inf,-inf,-inf,-inf,-inf,-inf,-inf,-inf,-inf,-inf,-inf
-inf,-inf,-inf,-inf,-inf,-inf,-inf,-inf,-inf,-inf,-inf,-inf
-inf,-inf,-inf,-inf,-inf,-inf,-inf,-inf,-inf,-inf,-inf,-inf
-20.283080483031746,-20.283080483031746,-20.283080483031746,-20.283080483031746,-20.283080483031746,-inf,-18.78976958097596,-inf,-inf,-18.78976958097596,-inf,-inf
-inf,-inf,-inf,-inf,-inf,-inf,-inf,-inf,-inf,-inf,-inf,-inf
-inf,-inf,-inf,-inf,-inf,-inf,-inf,-inf,-inf,-inf,-inf,-inf
-25.953710527392197,-25.953710527392197,-25.953710527392197,-25.953710527392197,-25.953710527392197,-25.953710527392197,-inf,-inf,-25.50485439491245,-inf,-25.50485439491245,-25.953710527392197
-21.326476492961195,-21.326476492961195,-21.326476492961195,-21.326476492961195,-21.326476492961195,-inf,-13.61974270027557,-21.326476492961195,-21.326476492961195,-inf,-inf,-inf
-37.01952754118989,-37.01952754118989,-37.01952754118989,-37.01952754118989,-37.01952754118989,-37.01952754118989,-21.769513942664396,-21.304350345027323,-21.769513942664396,-21.769513942664396,-inf,-37.01952754118989
-inf,-inf,-inf,-inf,-inf,-inf,-inf,-inf,-inf,-inf,-inf,-inf
-inf,-inf,-inf,-inf,-inf,-inf,-inf,-inf,-inf,-inf,-inf,-inf
-14.754270538676344,-14.754270538676344,-41.49248469403841,-41.49248469403841,-41.49248469403841,-41.49248469403841,-23.18493239938206,-33.192030726449666,-23.18493239938206,-23.18493239938206,-33.192030726449666,-inf
-50.78247789046565,-50.78247789046565,-50.78247789046565,-50.78247789046565,-50.78247789046565,-50.78247789046565,-26.942924150771894,-24.95532310612642,-18.574774993867834,-26.942924150771894,-26.942924150771894,-26.942924150771894
-inf,-inf,-inf,-inf,-inf,-inf,-inf,-inf,-inf,-inf,-inf,-inf
-24.43397908593881,-24.43397908593881,-24.43397908593881,-24.43397908593881,-24.43397908593881,-24.43397908593881,-26.416513783197498,-16.213400770246707,-23.723693750179272,-inf,-23.723693750179272,-23.723693750179272
-18.30832486155369,-18.30832486155369,-18.30832486155369,-inf,-inf,-inf,-inf,-inf,-inf,-inf,-inf,-inf
-inf,-inf,-inf,-inf,-inf,-inf,-inf,-inf,-inf,-inf,-inf,-inf
-inf,-inf,-inf,-inf,-inf,-inf,-inf,-inf,-inf,-inf,-inf,-inf
-13.221738561185447,-13.221738561185447,-26.359031056211922,-13.221738561185447,-26.359031056211922,-26.359031056211922,-14.593247400936187,-14.593247400936187,-inf,-inf,-inf,-26.359031056211922
-24.369949686170536,-24.369949686170536,-24.369949686170536,-24.369949686170536,-24.369949686170536,-24.369949686170536,-22.19660402039638,-inf,-inf,-inf,-inf,-24.369949686170536
-inf,-inf,-inf,-inf,-inf,-inf,-inf,-inf,-inf,-inf,-inf,-inf
-inf,-inf,-inf,-inf,-inf,-inf,-inf,-inf,-inf,-inf,-inf,-inf
-30.620150238350906,-30.620150238350906,-30.620150238350906,-30.620150238350906,-30.620150238350906,-30.620150238350906,-30.620150238350906,-inf,-inf,-30.620150238350906,-inf,-30.620150238350906
-inf,-inf,-inf,-inf,-inf,-inf,-inf,-inf,-inf,-inf,-inf,-inf
-inf,-inf,-inf,-inf,-inf,-inf,-inf,-inf,-inf,-inf,-inf,-inf
-inf,-inf,-inf,-inf,-inf,-inf,-inf,-inf,-inf,-inf,-inf,-inf
-19.456146287146968,-19.456146287146968,-inf,-inf,-inf,-inf,-inf,-19.456146287146968,-inf,-inf,-inf,-inf
-inf,-inf,-inf,-inf,-inf,-inf,-inf,-inf,-inf,-inf,-inf,-inf
-19.021090049626494,-19.021090049626494,-19.021090049626494,-19.021090049626494,-19.021090049626494,-inf,-20.54039555099999,-15.043865506999136,-inf,-inf,-inf,-32.739682763426394
-inf,-inf,-inf,-inf,-inf,-inf,-inf,-inf,-inf,-inf,-inf,-inf
-20.445469490507257,-inf,-inf,-inf,-inf,-inf,-inf,-inf,-inf,-inf,-inf,-inf
-inf,-inf,-inf,-inf,-inf,-inf,-inf,-inf,-inf,-inf,-inf,-inf
-inf,-inf,-inf,-inf,-inf,-inf,-inf,-inf,-inf,-inf,-inf,-inf
-16.990089976406253,-inf,-inf,-inf,-inf,-inf,-inf,-inf,-inf,-inf,-inf,-inf
-inf,-inf,-inf,-inf,-inf,-inf,-inf,-inf,-inf,-inf,-inf,-inf
-inf,-inf,-inf,-inf,-inf,-inf,-inf,-inf,-inf,-inf,-inf,-inf
-33.19125825165631,-33.19125825165631,-33.19125825165631,-33.19125825165631,-33.19125825165631,-33.19125825165631,-33.19125825165631,-33.768484646448734,-24.975042356296868,-33.19125825165631,-22.839979982017216,-33.768484646448734
-inf,-inf,-inf,-inf,-inf,-inf,-inf,-inf,-inf,-inf,-inf,-inf
-19.742960450206237,-19.742960450206237,-inf,-19.742960450206237,-inf,-inf,-inf,-inf,-inf,-inf,-inf,-inf
-inf,-inf,-inf,-inf,-inf,-inf,-inf,-inf,-inf,-inf,-inf,-inf
-12.889560435152585,-19.553243278141778,-19.553243278141778,-19.553243278141778,-19.553243278141778,-19.553243278141778,-12.117744462659054,-19.553243278141778,-19.553243278141778,-17.434461780985323,-inf,-inf
-inf,-inf,-inf,-inf,-inf,-inf,-inf,-inf,-inf,-inf,-inf,-inf
-25.591018545052947,-25.591018545052947,-25.591018545052947,-25.591018545052947,-25.591018545052947,-25.591018545052947,-16.68797869993718,-11.938241369087573,-25.225465658197017,-28.705470646847303,-25.225465658197017,-25.225465658197017
-32.99059310598294,-32.99059310598294,-32.99059310598294,-32.99059310598294,-32.99059310598294,-32.99059310598294,-27.046677758516644,-27.827768859910638,-27.046677758516644,-32.99059310598294,-27.046677758516644,-27.046677758516644
-inf,-inf,-inf,-inf,-inf,-inf,-inf,-inf,-inf,-inf,-inf,-inf
-19.509428839805864,-19.509428839805864,-inf,-inf,-inf,-inf,-19.509428839805864,-inf,-inf,-inf,-inf,-inf
-29.85857815397971,-29.85857815397971,-29.85857815397971,-29.85857815397971,-29.85857815397971,-29.85857815397971,-25.353971819073475,-23.25110246589876,-25.353971819073475,-23.25110246589876,-29.85857815397971,-inf
-inf,-inf,-inf,-inf,-inf,-inf,-inf,-inf,-inf,-inf,-inf,-inf
-inf,-inf,-inf,-inf,-inf,-inf,-inf,-inf,-inf,-inf,-inf,-inf
-inf,-inf,-inf,-inf,-inf,-inf,-inf,-inf,-inf,-inf,-inf,-inf
-inf,-inf,-inf,-inf,-inf,-inf,-inf,-inf,-inf,-inf,-inf,-inf
-20.031027069078267,-20.031027069078267,-20.031027069078267,-20.031027069078267,-20.031027069078267,-inf,-13.642726432343428,-inf,-inf,-inf,-inf,-inf
-20.731480826571328,-20.731480826571328,-20.731480826571328,-20.731480826571328,-20.731480826571328,-20.731480826571328,-19.043597870509373,-18.48603921878056,-28.27259788993866,-20.731480826571328,-30.43584457328523,-37.21808307532807
-16.42484877884247,-16.42484877884247,-16.42484877884247,-16.42484877884247,-16.42484877884247,-inf,-14.655702265426338,-inf,-inf,-inf,-inf,-inf
-inf,-inf,-inf,-inf,-inf,-inf,-inf,-inf,-inf,-inf,-inf,-inf
-inf,-inf,-inf,-inf,-inf,-inf,-inf,-inf,-inf,-inf,-inf,-inf
-36.33410895259457,-36.33410895259457,-36.33410895259457,-36.33410895259457,-36.33410895259457,-36.33410895259457,-15.556590511942893,-inf,-inf,-inf,-inf,-inf
-21.007829182459222,-21.007829182459222,-21.007829182459222,-21.007829182459222,-21.007829182459222,-21.007829182459222,-21.007829182459222,-inf,-inf,-inf,-inf,-inf
-inf,-inf,-inf,-inf,-inf,-inf,-inf,-inf,-inf,-inf,-inf,-inf
-inf,-inf,-inf,-inf,-inf,-inf,-inf,-inf,-inf,-inf,-inf,-inf
-31.14883976966003,-31.14883976966003,-31.14883976966003,-31.14883976966003,-31.14883976966003,-31.14883976966003,-16.906739351894817,-17.69002385290859,-31.14883976966003,-25.301013084785666,-inf,-inf
-inf,-inf,-inf,-inf,-inf,-inf,-inf,-inf,-inf,-inf,-inf,-inf
-inf,-inf,-inf,-inf,-inf,-inf,-inf,-inf,-inf,-inf,-inf,-inf
-inf,-inf,-inf,-inf,-inf,-inf,-inf,-inf,-inf,-inf,-inf,-inf
-16.166693204009867,-16.166693204009867,-16.166693204009867,-16.166693204009867,-16.166693204009867,-21.455011170007353,-40.931642971574924,-28.76337927817408,-15.43308596974551,-28.76337927817408,-23.801064837488394,-23.505446230598746
-41.00373645231747,-41.00373645231747,-41.00373645231747,-41.00373645231747,-41.00373645231747,-41.00373645231747,-41.00373645231747,-34.6349765463311,-34.6349765463311,-26.997106138871956,-28.58642532987212,-28.58642532987212
-16.534552850520697,-16.89744777975142,-16.89744777975142,-16.89744777975142,-16.89744777975142,-16.89744777975142,-31.44229545733955,-16.89744777975142,-13.301813847141302,-27.66304145819044,-16.89744777975142,-inf
-41.335994754376735,-41.335994754376735,-41.335994754376735,-41.335994754376735,-41.335994754376735,-41.335994754376735,-41.335994754376735,-35.99395803954791,-41.335994754376735,-31.797581447862683,-31.797581447862683,-25.42108281036615
-inf,-inf,-inf,-inf,-inf,-inf,-inf,-inf,-inf,-inf,-inf,-inf
-inf,-inf,-inf,-inf,-inf,-inf,-inf,-inf,-inf,-inf,-inf,-inf
-17.375058224004654,-17.375058224004654,-17.375058224004654,-25.618121860002653,-25.618121860002653,-25.618121860002653,-17.375058224004654,-17.375058224004654,-21.521437911802394,-25.618121860002653,-inf,-inf
-inf,-inf,-inf,-inf,-inf,-inf,-inf,-inf,-inf,-inf,-inf,-inf
-29.589733773472457,-29.589733773472457,-29.589733773472457,-29.589733773472457,-29.589733773472457,-29.589733773472457,-29.589733773472457,-14.135391590462763,-29.589733773472457,-14.135391590462763,-22.64758697536135,-inf
-inf,-inf,-inf,-inf,-inf,-inf,-inf,-inf,-inf,-inf,-inf,-inf
-inf,-inf,-inf,-inf,-inf,-inf,-inf,-inf,-inf,-inf,-inf,-inf
-27.22519561186635,-27.22519561186635,-27.22519561186635,-27.22519561186635,-27.22519561186635,-27.22519561186635,-14.470306724593717,-inf,-27.517324358314944,-inf,-27.517324358314944,-27.517324358314944
-inf,-inf,-inf,-inf,-inf,-inf,-inf,-inf,-inf,-inf,-inf,-inf
-inf,-inf,-inf,-inf,-inf,-inf,-inf,-inf,-inf,-inf,-inf,-inf
-31.86715991689298,-31.86715991689298,-31.86715991689298,-31.86715991689298,-39.035028914814575,-39.035028914814575,-31.86715991689298,-21.810508822623554,-21.810508822623554,-39.035028914814575,-29.150760535216595,-inf
-18.945853862527418,-18.945853862527418,-18.945853862527418,-18.945853862527418,-18.945853862527418,-40.54899569554654,-40.54899569554654,-29.123844284968396,-25.630307742525126,-18.78236819984413,-29.123844284968396,-25.630307742525126
-32.524649601744485,-32.524649601744485,-32.524649601744485,-32.524649601744485,-32.524649601744485,-32.524649601744485,-27.86453441592911,-16.66028358068632,-32.524649601744485,-32.524649601744485,-32.524649601744485,-inf
-17.366933608544613,-17.366933608544613,-23.04320118421351,-23.04320118421351,-23.04320118421351,-inf,-inf,-inf,-19.5894461983786,-inf,-inf,-inf
-18.174610819521316,-18.174610819521316,-18.174610819521316,-18.174610819521316,-inf,-inf,-inf,-inf,-inf,-inf,-18.174610819521316,-inf
-17.728809620191576,-17.728809620191576,-17.728809620191576,-17.728809620191576,-inf,-inf,-17.728809620191576,-17.728809620191576,-inf,-inf,-inf,-inf
-inf,-inf,-inf,-inf,-inf,-inf,-inf,-inf,-inf,-inf,-inf,-inf
-inf,-inf,-inf,-inf,-inf,-inf,-inf,-inf,-inf,-inf,-inf,-inf
-39.49601605856592,-39.49601605856592,-39.49601605856592,-39.49601605856592,-39.49601605856592,-39.49601605856592,-31.322521494240256,-19.12032774665355,-21.2819737476746,-19.12032774665355,-19.12032774665355,-inf
-inf,-inf,-inf,-inf,-inf,-inf,-inf,-inf,-inf,-inf,-inf,-inf
-inf,-inf,-inf,-inf,-inf,-inf,-inf,-inf,-inf,-inf,-inf,-inf
-inf,-inf,-inf,-inf,-inf,-inf,-inf,-inf,-inf,-inf,-inf,-inf
